student_id,Math,Physics,Chemistry,English,Computer_Science,recommended_subject
S00000,70,46,79,82,30,Computer_Science
S00001,42,67,59,65,50,Math
S00002,81,79,66,85,73,Chemistry
S00003,50,72,48,81,64,Chemistry
S00004,62,53,87,62,57,Physics
S00005,59,75,72,72,73,Math
S00006,100,58,56,50,76,English
S00007,85,63,50,50,77,Chemistry
S00008,78,75,53,69,67,Chemistry
S00009,69,81,69,77,66,Computer_Science
S00010,70,76,39,59,57,Chemistry
S00011,54,60,92,49,82,English
S00012,35,59,68,76,78,Math
S00013,79,59,57,80,62,Chemistry
S00014,42,45,48,74,68,Math
S00015,77,57,68,76,59,Physics
S00016,73,53,58,58,43,Computer_Science
S00017,74,57,65,74,73,Physics
S00018,77,63,57,64,35,Computer_Science
S00019,39,41,47,72,49,Math
S00020,58,88,59,78,48,Computer_Science
S00021,61,48,59,80,34,Computer_Science
S00022,73,69,54,39,66,English
S00023,55,69,65,94,61,Math
S00024,47,68,69,89,80,Math
S00025,71,91,44,53,48,Chemistry
S00026,58,40,76,61,39,Computer_Science
S00027,47,71,80,100,100,Math
S00028,72,47,27,70,50,Chemistry
S00029,58,54,62,84,68,Physics
S00030,62,46,35,56,64,Chemistry
S00031,97,67,83,56,44,Computer_Science
S00032,48,52,100,50,80,Math
S00033,49,82,72,62,64,Math
S00034,53,73,57,43,42,Computer_Science
S00035,68,93,68,63,70,English
S00036,89,69,58,85,73,Chemistry
S00037,93,68,43,40,95,English
S00038,96,62,58,91,45,Computer_Science
S00039,49,77,58,65,62,Math
S00040,71,90,67,77,28,Computer_Science
S00041,64,50,43,49,59,Chemistry
S00042,81,41,66,56,59,Physics
S00043,83,75,89,62,52,Computer_Science
S00044,61,69,68,45,67,English
S00045,69,100,99,50,60,English
S00046,39,54,71,87,52,Math
S00047,53,26,62,46,55,Physics
S00048,49,63,33,39,100,Chemistry
S00049,42,45,98,100,44,Math
S00050,58,71,96,47,61,English
S00051,79,73,58,63,40,Computer_Science
S00052,61,60,69,55,73,English
S00053,83,68,71,66,65,Computer_Science
S00054,52,71,63,100,93,Math
S00055,72,51,45,86,70,Chemistry
S00056,74,34,82,73,45,Physics
S00057,57,70,66,60,63,Math
S00058,60,68,91,19,61,English
S00059,68,70,58,33,71,English
S00060,96,37,81,59,64,Physics
S00061,46,59,88,75,96,Math
S00062,86,73,96,73,80,Physics
S00063,60,66,52,83,44,Computer_Science
S00064,79,62,86,79,98,Physics
S00065,78,37,64,44,56,Physics
S00066,92,76,52,47,66,English
S00067,43,53,71,86,76,Math
S00068,24,70,66,72,94,Math
S00069,28,54,76,37,92,Math
S00070,72,80,55,80,84,Chemistry
S00071,69,69,70,49,62,English
S00072,62,72,83,46,63,English
S00073,92,52,50,69,80,Chemistry
S00074,65,89,80,80,75,Math
S00075,100,61,29,94,57,Chemistry
S00076,67,89,36,42,36,Chemistry
S00077,51,73,74,70,40,Computer_Science
S00078,23,66,57,73,78,Math
S00079,67,79,69,75,52,Computer_Science
S00080,62,69,80,58,74,English
S00081,60,63,80,29,42,English
S00082,38,23,53,78,60,Physics
S00083,69,85,89,64,89,English
S00084,67,50,54,38,49,English
S00085,59,79,96,40,72,English
S00086,46,74,63,32,82,English
S00087,54,55,46,53,73,Chemistry
S00088,62,71,72,89,59,Computer_Science
S00089,38,84,59,85,72,Math
S00090,63,71,100,100,66,Math
S00091,68,84,50,71,65,Chemistry
S00092,71,50,36,28,45,English
S00093,57,60,100,85,48,Computer_Science
S00094,71,58,60,68,76,Physics
S00095,59,84,44,65,100,Chemistry
S00096,69,91,67,75,64,Computer_Science
S00097,62,51,73,50,77,English
S00098,85,72,60,73,59,Computer_Science
S00099,82,32,59,29,38,English
S00100,90,81,52,38,12,Computer_Science
S00101,55,100,73,55,73,Math
S00102,37,60,67,63,79,Math
S00103,71,77,53,81,94,Chemistry
S00104,48,49,89,62,90,Math
S00105,57,91,67,70,93,Math
S00106,58,48,57,73,37,Computer_Science
S00107,76,55,86,22,51,English
S00108,35,50,69,62,60,Math
S00109,62,69,47,78,77,Chemistry
S00110,72,75,70,100,63,Computer_Science
S00111,59,51,46,43,49,English
S00112,64,71,66,51,81,English
S00113,78,62,53,75,68,Chemistry
S00114,39,64,70,49,68,Math
S00115,39,89,87,60,72,Math
S00116,22,44,60,46,78,Math
S00117,100,44,50,69,94,Physics
S00118,43,69,98,35,42,English
S00119,57,56,80,69,33,Computer_Science
S00120,74,55,88,54,54,English
S00121,75,79,73,35,75,English
S00122,46,69,39,73,50,Chemistry
S00123,42,78,69,54,91,Math
S00124,57,66,70,54,73,English
S00125,55,58,90,46,22,Computer_Science
S00126,94,100,58,30,59,English
S00127,60,62,45,75,74,Chemistry
S00128,38,78,100,68,59,Math
S00129,62,76,34,68,58,Chemistry
S00130,98,62,95,45,76,English
S00131,71,49,68,87,59,Physics
S00132,35,65,49,59,64,Math
S00133,34,36,74,56,19,Computer_Science
S00134,79,70,52,41,80,English
S00135,71,100,73,72,62,Computer_Science
S00136,80,76,88,56,57,English
S00137,56,79,92,57,57,Math
S00138,71,61,82,24,50,English
S00139,51,23,48,49,61,Physics
S00140,85,61,46,64,84,Chemistry
S00141,47,49,75,61,77,Math
S00142,65,78,46,65,61,Chemistry
S00143,43,37,77,59,47,Physics
S00144,63,85,24,38,48,Chemistry
S00145,91,70,79,44,45,English
S00146,73,66,75,62,70,English
S00147,68,79,80,36,25,Computer_Science
S00148,83,86,47,32,67,English
S00149,82,97,74,58,49,Computer_Science
S00150,65,60,47,100,97,Chemistry
S00151,85,48,80,77,73,Physics
S00152,87,76,78,76,71,Computer_Science
S00153,33,67,55,42,95,Math
S00154,96,89,70,89,65,Computer_Science
S00155,69,45,72,66,42,Computer_Science
S00156,64,64,97,81,65,Math
S00157,69,66,61,46,62,English
S00158,52,42,74,72,33,Computer_Science
S00159,63,83,84,83,66,Math
S00160,50,45,71,72,88,Physics
S00161,85,63,43,59,69,Chemistry
S00162,61,55,70,56,54,Computer_Science
S00163,71,58,69,70,44,Computer_Science
S00164,56,91,44,27,31,English
S00165,66,66,63,87,17,Computer_Science
S00166,72,93,45,58,51,Chemistry
S00167,49,59,91,98,59,Math
S00168,99,66,97,63,67,English
S00169,72,100,80,52,82,English
S00170,58,56,81,66,70,Physics
S00171,65,71,73,30,77,English
S00172,47,39,64,67,53,Physics
S00173,80,41,58,54,64,Physics
S00174,70,47,78,66,31,Computer_Science
S00175,30,65,61,63,64,Math
S00176,69,82,45,44,45,English
S00177,70,87,57,20,34,English
S00178,50,55,58,66,59,Math
S00179,84,53,49,74,37,Computer_Science
S00180,72,67,62,94,54,Computer_Science
S00181,100,61,42,66,46,Chemistry
S00182,51,72,75,54,83,Math
S00183,86,91,75,90,31,Computer_Science
S00184,59,49,67,55,62,Physics
S00185,99,62,72,61,66,English
S00186,65,73,86,95,71,Math
S00187,76,44,63,82,81,Physics
S00188,69,81,74,87,70,Math
S00189,59,71,12,72,0,Computer_Science
S00190,34,73,74,44,52,Math
S00191,90,56,100,65,72,Physics
S00192,94,67,47,63,64,Chemistry
S00193,40,60,52,82,66,Math
S00194,60,63,69,76,47,Computer_Science
S00195,46,85,58,39,73,English
S00196,73,37,69,78,72,Physics
S00197,76,40,71,60,56,Physics
S00198,81,92,97,89,63,Computer_Science
S00199,71,79,67,67,80,Chemistry
S00200,64,52,58,76,65,Physics
S00201,71,77,58,79,72,Chemistry
S00202,43,91,56,35,46,English
S00203,47,66,60,59,76,Math
S00204,71,71,72,76,27,Computer_Science
S00205,58,26,66,65,84,Physics
S00206,86,69,56,74,55,Computer_Science
S00207,65,83,55,80,77,Chemistry
S00208,48,83,78,67,51,Math
S00209,50,55,75,48,73,English
S00210,43,61,67,100,40,Computer_Science
S00211,91,68,72,67,73,English
S00212,62,91,57,85,53,Computer_Science
S00213,64,46,73,91,64,Physics
S00214,61,45,61,36,49,English
S00215,69,89,100,54,91,English
S00216,69,62,73,66,67,Physics
S00217,58,40,37,77,60,Chemistry
S00218,54,65,79,68,53,Computer_Science
S00219,87,93,74,83,87,Chemistry
S00220,85,76,76,74,45,Computer_Science
S00221,78,41,51,88,80,Physics
S00222,92,60,44,61,67,Chemistry
S00223,66,85,58,71,47,Computer_Science
S00224,73,65,52,61,62,Chemistry
S00225,60,97,63,61,27,Computer_Science
S00226,49,60,53,90,62,Math
S00227,88,66,66,63,65,English
S00228,96,23,29,55,65,Physics
S00229,77,74,58,83,84,Chemistry
S00230,68,82,70,55,78,English
S00231,67,65,92,21,39,English
S00232,44,58,60,38,47,English
S00233,50,100,97,58,58,Math
S00234,44,31,63,47,63,Physics
S00235,36,51,68,72,73,Math
S00236,41,80,51,76,65,Math
S00237,40,59,72,76,62,Math
S00238,93,83,60,79,100,Chemistry
S00239,100,43,48,92,46,Physics
S00240,41,56,73,63,53,Math
S00241,53,52,49,100,70,Chemistry
S00242,81,56,62,52,17,Computer_Science
S00243,40,32,25,43,89,Chemistry
S00244,64,88,72,79,49,Computer_Science
S00245,74,78,55,75,75,Chemistry
S00246,55,45,44,67,71,Chemistry
S00247,51,65,75,76,93,Math
S00248,88,47,95,55,84,Physics
S00249,66,58,32,62,37,Chemistry
S00250,82,92,51,70,52,Chemistry
S00251,54,79,64,96,56,Math
S00252,83,67,79,57,64,English
S00253,63,50,77,77,76,Physics
S00254,93,91,58,72,54,Computer_Science
S00255,65,54,94,72,61,Physics
S00256,86,26,29,79,66,Physics
S00257,70,41,65,100,80,Physics
S00258,68,57,58,27,70,English
S00259,80,37,53,44,48,Physics
S00260,66,27,76,79,60,Physics
S00261,20,47,87,15,59,English
S00262,44,79,53,72,75,Math
S00263,98,61,72,38,86,English
S00264,51,55,65,37,69,English
S00265,82,70,36,63,78,Chemistry
S00266,31,46,81,70,72,Math
S00267,98,73,77,100,61,Computer_Science
S00268,51,73,73,56,46,Computer_Science
S00269,100,71,52,81,63,Chemistry
S00270,60,75,42,71,99,Chemistry
S00271,73,58,56,58,60,Chemistry
S00272,58,81,34,81,58,Chemistry
S00273,72,45,89,87,82,Physics
S00274,38,80,72,36,65,English
S00275,72,75,68,70,92,Chemistry
S00276,87,13,59,62,33,Physics
S00277,67,87,45,71,49,Chemistry
S00278,53,92,55,73,31,Computer_Science
S00279,99,76,62,75,40,Computer_Science
S00280,86,59,61,56,55,Computer_Science
S00281,78,70,77,65,74,English
S00282,57,100,37,88,90,Chemistry
S00283,50,100,83,82,66,Math
S00284,61,61,72,90,68,Math
S00285,49,80,82,77,78,Math
S00286,60,48,49,36,69,English
S00287,63,57,12,43,85,Chemistry
S00288,53,71,40,91,62,Chemistry
S00289,70,100,92,59,54,Computer_Science
S00290,59,74,63,58,91,English
S00291,63,100,67,97,71,Math
S00292,82,52,50,73,83,Chemistry
S00293,66,42,41,39,33,Computer_Science
S00294,67,85,65,24,62,English
S00295,62,100,39,58,96,Chemistry
S00296,73,75,67,71,79,Chemistry
S00297,50,81,40,71,68,Chemistry
S00298,54,65,54,46,59,English
S00299,45,71,44,78,44,Chemistry
S00300,55,54,89,71,61,Physics
S00301,74,27,64,100,67,Physics
S00302,66,75,81,29,35,English
S00303,69,52,89,59,30,Computer_Science
S00304,42,16,61,62,57,Physics
S00305,84,87,62,27,76,English
S00306,75,71,83,44,100,English
S00307,48,78,35,48,92,Chemistry
S00308,60,80,69,63,90,Math
S00309,61,33,51,75,72,Physics
S00310,37,52,55,58,40,Math
S00311,54,52,79,80,62,Physics
S00312,58,68,50,44,48,English
S00313,54,44,68,78,36,Computer_Science
S00314,65,61,71,65,39,Computer_Science
S00315,42,66,84,25,71,English
S00316,86,62,75,52,63,English
S00317,36,23,82,47,57,Physics
S00318,40,40,62,52,72,Math
S00319,73,71,69,93,46,Computer_Science
S00320,64,85,88,39,59,English
S00321,89,74,69,61,58,Computer_Science
S00322,70,60,64,66,53,Computer_Science
S00323,75,100,33,71,51,Chemistry
S00324,75,66,79,86,68,Physics
S00325,85,23,94,72,84,Physics
S00326,43,50,68,65,70,Math
S00327,85,33,83,65,61,Physics
S00328,39,74,22,77,38,Chemistry
S00329,66,63,86,62,53,Computer_Science
S00330,56,88,75,58,61,Math
S00331,37,72,33,79,67,Chemistry
S00332,100,45,63,97,86,Physics
S00333,52,69,65,70,52,Math
S00334,63,36,67,73,61,Physics
S00335,36,83,72,52,60,Math
S00336,38,47,55,87,53,Math
S00337,77,55,69,62,81,Physics
S00338,55,37,40,55,43,Physics
S00339,72,57,100,34,69,English
S00340,45,56,68,23,69,English
S00341,99,57,70,83,62,Physics
S00342,55,24,77,63,47,Physics
S00343,67,54,55,76,41,Computer_Science
S00344,84,40,53,100,85,Physics
S00345,67,48,55,66,66,Physics
S00346,63,64,61,39,56,English
S00347,81,40,62,50,67,Physics
S00348,58,92,74,41,77,English
S00349,51,55,71,56,81,Math
S00350,51,54,53,55,85,Math
S00351,76,96,100,46,66,English
S00352,44,51,54,46,46,Math
S00353,62,43,80,48,100,Physics
S00354,57,66,42,96,85,Chemistry
S00355,70,41,69,45,91,Physics
S00356,80,67,21,47,77,Chemistry
S00357,87,85,36,70,83,Chemistry
S00358,35,65,70,60,32,Computer_Science
S00359,59,59,62,55,57,English
S00360,64,73,60,58,67,English
S00361,30,74,65,66,82,Math
S00362,30,29,70,65,68,Physics
S00363,57,77,82,74,60,Math
S00364,27,79,87,77,49,Math
S00365,77,80,93,49,61,English
S00366,78,66,45,72,75,Chemistry
S00367,67,69,60,92,49,Computer_Science
S00368,54,65,81,38,41,English
S00369,28,66,45,58,77,Math
S00370,53,69,60,77,74,Math
S00371,53,62,84,72,40,Computer_Science
S00372,77,45,90,83,70,Physics
S00373,68,61,77,58,69,English
S00374,81,55,54,44,46,English
S00375,32,78,98,91,36,Math
S00376,78,91,57,67,29,Computer_Science
S00377,70,46,69,37,75,English
S00378,83,51,45,26,60,English
S00379,55,37,73,57,46,Physics
S00380,55,84,76,63,76,Math
S00381,44,66,68,57,73,Math
S00382,51,74,75,12,86,English
S00383,10,54,83,59,39,Math
S00384,45,83,30,85,64,Chemistry
S00385,44,55,47,81,78,Math
S00386,34,58,49,88,41,Math
S00387,94,64,44,53,51,Chemistry
S00388,42,67,43,26,58,English
S00389,33,51,49,49,100,Math
S00390,66,69,33,53,69,Chemistry
S00391,47,81,43,60,54,Chemistry
S00392,68,53,60,61,52,Computer_Science
S00393,74,69,63,57,79,English
S00394,61,59,67,96,41,Computer_Science
S00395,79,31,69,93,74,Physics
S00396,68,55,66,60,51,Computer_Science
S00397,60,69,51,50,41,Computer_Science
S00398,72,75,69,82,67,Computer_Science
S00399,72,70,63,55,100,English
S00400,57,53,73,70,40,Computer_Science
S00401,85,63,45,86,76,Chemistry
S00402,42,97,77,65,94,Math
S00403,68,64,53,75,74,Chemistry
S00404,65,51,67,64,41,Computer_Science
S00405,39,75,18,69,56,Chemistry
S00406,89,56,77,58,67,Physics
S00407,78,57,83,47,70,English
S00408,82,77,99,51,40,Computer_Science
S00409,47,77,74,67,45,Computer_Science
S00410,79,43,86,100,72,Physics
S00411,75,56,32,54,45,Chemistry
S00412,39,96,70,72,59,Math
S00413,62,82,64,75,61,Computer_Science
S00414,59,40,29,60,66,Chemistry
S00415,42,64,66,26,49,English
S00416,72,72,44,68,83,Chemistry
S00417,79,63,57,54,73,English
S00418,69,76,67,80,67,Chemistry
S00419,79,81,51,32,93,English
S00420,70,34,52,79,60,Physics
S00421,56,90,46,51,69,Chemistry
S00422,72,74,81,69,74,English
S00423,60,66,67,69,79,Math
S00424,75,66,50,66,64,Chemistry
S00425,68,100,56,73,84,Chemistry
S00426,67,100,58,71,51,Computer_Science
S00427,59,69,80,71,88,Math
S00428,63,59,100,72,52,Computer_Science
S00429,53,48,82,58,67,Physics
S00430,64,78,50,46,69,English
S00431,76,71,50,77,52,Chemistry
S00432,56,48,88,76,76,Physics
S00433,87,100,34,52,54,Chemistry
S00434,50,46,60,43,71,English
S00435,66,74,74,76,58,Computer_Science
S00436,100,69,31,47,34,Chemistry
S00437,65,63,57,100,75,Chemistry
S00438,78,48,47,66,68,Chemistry
S00439,32,62,65,61,50,Math
S00440,55,62,67,76,84,Math
S00441,60,57,73,76,57,Physics
S00442,79,83,88,97,49,Computer_Science
S00443,65,65,63,53,38,Computer_Science
S00444,67,51,67,51,45,Computer_Science
S00445,69,68,75,100,70,Physics
S00446,74,46,42,93,48,Chemistry
S00447,46,64,63,49,60,Math
S00448,87,50,40,82,74,Chemistry
S00449,54,37,52,64,86,Physics
S00450,46,63,77,22,84,English
S00451,44,71,69,85,75,Math
S00452,22,51,67,61,74,Math
S00453,79,76,61,32,57,English
S00454,72,45,76,81,67,Physics
S00455,10,42,99,55,29,Math
S00456,87,65,85,70,73,Physics
S00457,72,78,100,82,37,Computer_Science
S00458,73,86,87,57,86,English
S00459,82,100,51,56,59,Chemistry
S00460,56,49,15,57,72,Chemistry
S00461,56,100,65,88,70,Math
S00462,80,70,90,66,74,English
S00463,72,60,72,100,60,Physics
S00464,73,88,86,65,22,Computer_Science
S00465,74,25,91,68,83,Physics
S00466,49,37,70,64,56,Physics
S00467,67,100,80,84,80,Math
S00468,92,62,28,62,80,Chemistry
S00469,48,62,53,92,78,Math
S00470,77,76,64,69,44,Computer_Science
S00471,26,68,71,87,93,Math
S00472,93,47,59,74,100,Physics
S00473,92,85,58,49,79,English
S00474,45,61,63,94,59,Math
S00475,21,74,52,66,63,Math
S00476,60,79,37,56,77,Chemistry
S00477,54,36,77,85,64,Physics
S00478,30,78,35,71,49,Math
S00479,44,57,62,53,76,Math
S00480,57,83,70,52,49,Computer_Science
S00481,35,70,59,22,55,English
S00482,49,93,34,39,85,Chemistry
S00483,89,52,54,76,23,Computer_Science
S00484,31,60,93,57,67,Math
S00485,85,100,55,65,98,Chemistry
S00486,38,83,47,67,61,Math
S00487,48,47,70,83,63,Physics
S00488,66,75,48,78,80,Chemistry
S00489,100,58,57,79,80,Chemistry
S00490,55,58,75,50,58,English
S00491,67,83,54,32,31,Computer_Science
S00492,42,41,62,44,52,Physics
S00493,51,57,89,77,65,Math
S00494,57,57,71,76,49,Computer_Science
S00495,66,28,69,79,60,Physics
S00496,98,49,69,64,63,Physics
S00497,63,67,80,90,65,Math
S00498,80,52,79,51,85,English
S00499,100,63,26,55,87,Chemistry
S00500,75,69,83,74,87,Physics
S00501,82,92,71,81,59,Computer_Science
S00502,54,96,69,79,67,Math
S00503,54,65,91,75,34,Computer_Science
S00504,61,97,61,33,99,English
S00505,77,64,58,84,55,Computer_Science
S00506,86,75,69,68,62,Computer_Science
S00507,84,49,36,76,76,Chemistry
S00508,74,72,59,79,64,Chemistry
S00509,56,59,100,34,74,English
S00510,35,63,57,27,72,English
S00511,58,27,80,91,92,Physics
S00512,71,66,89,95,85,Physics
S00513,48,69,73,32,73,English
S00514,100,77,92,68,64,Computer_Science
S00515,72,50,48,88,90,Chemistry
S00516,47,82,63,71,73,Math
S00517,83,66,90,71,76,Physics
S00518,50,100,73,78,36,Computer_Science
S00519,50,87,70,31,84,English
S00520,55,90,63,69,86,Math
S00521,49,47,61,80,41,Computer_Science
S00522,35,80,54,58,32,Computer_Science
S00523,53,65,82,51,95,English
S00524,53,53,93,69,55,Math
S00525,62,89,91,50,64,English
S00526,67,47,64,65,86,Physics
S00527,87,59,61,77,54,Computer_Science
S00528,76,63,48,48,91,Chemistry
S00529,62,95,56,70,100,Chemistry
S00530,46,31,88,50,65,Physics
S00531,54,70,48,62,73,Chemistry
S00532,47,52,59,39,57,English
S00533,67,58,60,65,53,Computer_Science
S00534,77,91,57,74,61,Chemistry
S00535,72,93,74,33,73,English
S00536,87,61,83,53,38,Computer_Science
S00537,68,33,61,88,31,Computer_Science
S00538,42,46,64,58,90,Math
S00539,82,74,68,72,49,Computer_Science
S00540,80,45,80,86,69,Physics
S00541,62,72,13,70,63,Chemistry
S00542,64,78,64,44,62,English
S00543,66,67,68,84,45,Computer_Science
S00544,68,88,34,68,54,Chemistry
S00545,58,49,62,98,42,Computer_Science
S00546,44,42,96,57,65,Physics
S00547,58,48,61,100,90,Physics
S00548,50,77,50,33,83,English
S00549,86,84,57,62,78,Chemistry
S00550,72,58,36,67,84,Chemistry
S00551,43,76,71,79,81,Math
S00552,52,36,55,81,55,Physics
S00553,53,32,97,80,79,Physics
S00554,82,75,61,62,57,Computer_Science
S00555,100,75,57,73,47,Computer_Science
S00556,92,53,74,84,72,Physics
S00557,67,65,64,55,57,English
S00558,92,63,51,56,85,Chemistry
S00559,77,75,60,75,53,Computer_Science
S00560,60,82,81,47,50,English
S00561,67,96,31,70,40,Chemistry
S00562,54,58,57,55,65,Math
S00563,55,39,79,79,80,Physics
S00564,37,70,77,46,65,Math
S00565,63,98,100,35,100,English
S00566,49,83,82,47,74,English
S00567,63,75,69,87,66,Math
S00568,62,85,75,78,53,Computer_Science
S00569,46,55,54,79,83,Math
S00570,62,91,90,69,50,Computer_Science
S00571,93,64,67,59,49,Computer_Science
S00572,39,76,51,100,45,Math
S00573,42,74,93,66,75,Math
S00574,32,53,46,31,67,English
S00575,25,41,55,50,72,Math
S00576,71,81,79,86,65,Computer_Science
S00577,70,74,68,58,59,English
S00578,50,73,63,53,53,Math
S00579,43,83,66,49,80,Math
S00580,55,40,83,55,58,Physics
S00581,66,86,65,43,75,English
S00582,56,99,65,25,71,English
S00583,100,93,98,47,81,English
S00584,52,69,42,53,53,Chemistry
S00585,81,79,70,41,59,English
S00586,52,81,86,84,51,Computer_Science
S00587,16,33,91,58,51,Math
S00588,95,88,65,60,63,English
S00589,69,94,73,78,86,Math
S00590,44,79,60,20,27,English
S00591,47,75,67,68,100,Math
S00592,42,65,70,52,66,Math
S00593,36,90,53,100,64,Math
S00594,84,64,64,54,67,English
S00595,71,51,63,54,100,Physics
S00596,63,93,61,70,41,Computer_Science
S00597,57,69,94,69,90,Math
S00598,77,94,64,100,56,Computer_Science
S00599,51,43,100,80,59,Physics
S00600,87,77,100,37,60,English
S00601,57,29,84,60,78,Physics
S00602,100,59,57,67,83,Chemistry
S00603,55,54,84,72,28,Computer_Science
S00604,43,92,72,51,62,Math
S00605,65,78,41,50,70,Chemistry
S00606,63,75,43,71,85,Chemistry
S00607,74,68,63,50,64,English
S00608,88,63,49,56,69,Chemistry
S00609,58,74,74,81,91,Math
S00610,83,48,49,64,57,Physics
S00611,45,57,56,53,59,Math
S00612,86,69,100,68,60,Computer_Science
S00613,65,70,73,100,50,Computer_Science
S00614,80,69,37,79,88,Chemistry
S00615,50,65,34,42,84,Chemistry
S00616,57,45,69,56,57,Physics
S00617,78,44,49,68,82,Physics
S00618,87,53,82,51,98,English
S00619,45,89,53,100,76,Math
S00620,47,56,79,84,64,Math
S00621,66,79,67,42,50,English
S00622,69,87,94,79,70,Math
S00623,78,53,62,50,43,Computer_Science
S00624,71,68,77,75,69,Physics
S00625,75,64,72,52,72,English
S00626,77,53,66,54,56,Physics
S00627,45,88,84,75,100,Math
S00628,62,100,61,70,58,Computer_Science
S00629,72,80,63,97,69,Chemistry
S00630,70,49,73,63,54,Physics
S00631,51,100,60,39,52,English
S00632,64,75,75,77,53,Computer_Science
S00633,71,49,54,48,44,Computer_Science
S00634,84,77,83,66,79,English
S00635,33,81,68,76,72,Math
S00636,47,38,52,75,77,Physics
S00637,40,47,52,59,40,Math
S00638,39,50,67,44,63,Math
S00639,84,42,61,83,57,Physics
S00640,55,86,59,85,73,Math
S00641,59,74,71,83,55,Computer_Science
S00642,66,64,78,47,83,English
S00643,73,41,87,100,83,Physics
S00644,91,67,35,32,70,English
S00645,54,49,64,76,39,Computer_Science
S00646,57,92,46,81,56,Chemistry
S00647,75,85,78,81,44,Computer_Science
S00648,85,50,70,70,74,Physics
S00649,71,50,41,81,68,Chemistry
S00650,86,64,40,82,58,Chemistry
S00651,71,53,95,49,59,English
S00652,67,45,71,94,56,Physics
S00653,72,16,64,59,50,Physics
S00654,84,59,62,58,30,Computer_Science
S00655,45,82,27,51,58,Chemistry
S00656,96,79,55,88,52,Computer_Science
S00657,83,41,84,58,46,Physics
S00658,61,70,56,75,55,Computer_Science
S00659,76,73,64,57,68,English
S00660,75,100,82,83,100,Math
S00661,74,74,78,47,57,English
S00662,56,77,62,67,85,Math
S00663,81,62,53,85,79,Chemistry
S00664,36,59,68,79,81,Math
S00665,70,76,66,53,60,English
S00666,65,64,31,58,66,Chemistry
S00667,60,61,74,46,36,Computer_Science
S00668,59,79,95,79,39,Computer_Science
S00669,61,70,68,75,48,Computer_Science
S00670,66,73,80,50,59,English
S00671,16,54,56,47,68,Math
S00672,64,24,69,48,74,Physics
S00673,42,66,60,70,67,Math
S00674,60,37,38,54,65,Physics
S00675,54,76,60,48,60,English
S00676,69,71,99,53,64,English
S00677,73,65,56,37,56,English
S00678,46,34,51,46,76,Physics
S00679,76,49,60,32,56,English
S00680,72,80,52,84,38,Computer_Science
S00681,43,78,95,74,64,Math
S00682,25,29,67,59,45,Math
S00683,66,67,82,67,87,Math
S00684,65,63,84,47,100,English
S00685,72,72,74,99,79,Math
S00686,36,90,59,67,42,Math
S00687,74,53,67,60,100,Physics
S00688,100,66,66,58,85,English
S00689,59,57,83,55,64,English
S00690,37,78,100,78,91,Math
S00691,50,69,48,61,79,Chemistry
S00692,67,40,41,40,74,Physics
S00693,100,90,31,91,82,Chemistry
S00694,37,60,85,75,41,Math
S00695,76,27,61,85,65,Physics
S00696,56,81,83,89,81,Math
S00697,84,78,70,67,61,Computer_Science
S00698,43,48,60,69,91,Math
S00699,64,83,84,61,76,English
S00700,61,89,76,44,68,English
S00701,95,62,73,75,46,Computer_Science
S00702,74,40,54,84,71,Physics
S00703,60,73,64,65,77,Math
S00704,52,66,59,36,48,English
S00705,93,72,41,37,63,English
S00706,93,62,89,71,73,Physics
S00707,41,82,59,81,50,Math
S00708,68,71,62,72,60,Computer_Science
S00709,53,94,84,51,75,English
S00710,52,44,84,34,82,English
S00711,60,61,72,75,50,Computer_Science
S00712,78,67,42,62,90,Chemistry
S00713,95,78,44,74,80,Chemistry
S00714,78,79,72,64,54,Computer_Science
S00715,31,71,68,75,41,Math
S00716,77,100,66,64,71,English
S00717,100,47,69,51,55,Physics
S00718,64,89,97,73,58,Computer_Science
S00719,100,57,55,33,90,English
S00720,82,100,40,91,66,Chemistry
S00721,80,35,91,79,64,Physics
S00722,77,51,55,57,32,Computer_Science
S00723,81,86,52,71,60,Chemistry
S00724,71,54,49,84,64,Chemistry
S00725,100,66,48,87,76,Chemistry
S00726,78,86,53,63,62,Chemistry
S00727,42,60,89,69,41,Computer_Science
S00728,37,95,63,53,60,Math
S00729,38,91,58,90,66,Math
S00730,91,70,80,78,76,Physics
S00731,71,61,99,49,65,English
S00732,65,72,57,71,62,Chemistry
S00733,37,65,45,34,67,English
S00734,74,74,75,30,41,English
S00735,100,46,76,53,66,Physics
S00736,54,75,67,57,46,Computer_Science
S00737,70,43,73,100,89,Physics
S00738,78,63,30,41,88,Chemistry
S00739,51,52,62,46,43,Computer_Science
S00740,64,49,52,51,74,Physics
S00741,61,62,76,62,60,Computer_Science
S00742,73,77,62,66,51,Computer_Science
S00743,50,79,73,73,70,Math
S00744,66,78,82,81,63,Computer_Science
S00745,90,69,76,70,69,Physics
S00746,52,78,100,58,66,Math
S00747,57,56,93,53,56,English
S00748,36,51,34,76,100,Chemistry
S00749,58,35,81,52,88,Physics
S00750,60,54,62,79,61,Physics
S00751,56,61,42,72,33,Computer_Science
S00752,57,79,70,76,64,Math
S00753,86,82,73,82,79,Chemistry
S00754,57,41,73,75,85,Physics
S00755,48,49,73,64,31,Computer_Science
S00756,72,32,48,89,98,Physics
S00757,43,59,66,97,56,Math
S00758,56,93,58,78,38,Computer_Science
S00759,62,35,46,80,64,Physics
S00760,59,52,61,70,83,Physics
S00761,18,50,68,63,72,Math
S00762,70,60,56,61,86,Chemistry
S00763,52,64,68,93,60,Math
S00764,82,87,64,61,59,Computer_Science
S00765,60,80,69,69,45,Computer_Science
S00766,48,100,62,51,91,Math
S00767,70,75,63,59,62,English
S00768,40,63,70,98,67,Math
S00769,23,63,100,81,50,Math
S00770,76,52,41,59,67,Chemistry
S00771,31,44,65,58,72,Math
S00772,43,78,44,95,34,Computer_Science
S00773,45,73,95,71,75,Math
S00774,65,47,56,43,42,Computer_Science
S00775,72,45,71,42,70,English
S00776,56,90,71,87,51,Computer_Science
S00777,66,47,58,60,52,Physics
S00778,43,40,23,46,76,Chemistry
S00779,36,40,97,54,71,Math
S00780,77,77,38,61,36,Computer_Science
S00781,100,36,46,46,38,Physics
S00782,89,100,56,41,25,Computer_Science
S00783,61,59,53,69,72,Chemistry
S00784,71,59,45,77,65,Chemistry
S00785,81,79,39,39,51,Chemistry
S00786,46,79,71,85,72,Math
S00787,69,87,73,66,92,English
S00788,67,60,50,78,87,Chemistry
S00789,64,89,30,64,64,Chemistry
S00790,52,100,64,58,65,Math
S00791,29,51,83,54,50,Math
S00792,89,89,74,57,61,English
S00793,51,47,46,54,46,Chemistry
S00794,37,69,69,96,53,Math
S00795,70,71,60,78,79,Chemistry
S00796,71,60,59,40,50,English
S00797,54,45,73,87,49,Physics
S00798,70,46,60,53,76,Physics
S00799,53,83,61,53,42,Computer_Science
S00800,70,81,70,100,91,Math
S00801,59,59,73,50,86,English
S00802,72,70,77,96,68,Computer_Science
S00803,63,92,82,59,65,English
S00804,69,72,41,37,49,English
S00805,48,53,76,62,69,Math
S00806,43,57,76,76,52,Math
S00807,68,100,65,53,62,English
S00808,67,62,64,39,48,English
S00809,62,62,55,62,66,Chemistry
S00810,81,63,72,55,75,English
S00811,72,81,78,76,63,Computer_Science
S00812,69,84,53,54,68,Chemistry
S00813,72,50,64,63,25,Computer_Science
S00814,61,62,62,90,43,Computer_Science
S00815,50,18,56,58,56,Physics
S00816,85,80,66,58,83,English
S00817,65,50,34,57,79,Chemistry
S00818,100,66,51,44,75,English
S00819,33,75,80,73,61,Math
S00820,75,68,51,98,59,Chemistry
S00821,79,21,88,91,66,Physics
S00822,75,75,53,75,50,Computer_Science
S00823,54,85,83,52,52,English
S00824,53,78,47,71,78,Chemistry
S00825,63,83,60,61,47,Computer_Science
S00826,83,51,71,64,46,Computer_Science
S00827,54,90,69,47,70,English
S00828,62,100,70,58,91,English
S00829,32,67,100,63,34,Math
S00830,58,91,72,50,53,English
S00831,55,72,89,84,73,Math
S00832,41,41,75,41,61,Math
S00833,70,45,47,63,74,Physics
S00834,84,76,66,52,46,Computer_Science
S00835,56,72,71,27,51,English
S00836,87,66,39,100,64,Chemistry
S00837,72,72,58,52,100,English
S00838,83,80,75,47,88,English
S00839,50,70,35,28,71,English
S00840,50,29,75,100,90,Physics
S00841,60,65,81,85,59,Computer_Science
S00842,66,70,75,63,63,English
S00843,90,87,74,96,58,Computer_Science
S00844,94,75,100,44,53,English
S00845,73,72,100,53,81,English
S00846,86,78,48,90,87,Chemistry
S00847,76,69,69,64,77,English
S00848,66,50,46,51,69,Chemistry
S00849,65,69,74,54,91,English
S00850,60,57,74,32,51,English
S00851,83,34,85,92,58,Physics
S00852,70,85,57,81,53,Computer_Science
S00853,56,51,71,86,62,Physics
S00854,42,46,72,98,72,Math
S00855,58,79,61,58,48,Computer_Science
S00856,90,19,79,57,58,Physics
S00857,95,52,53,63,72,Physics
S00858,57,37,49,88,66,Physics
S00859,73,60,53,95,62,Chemistry
S00860,57,85,52,54,65,Chemistry
S00861,65,70,100,71,22,Computer_Science
S00862,71,66,66,69,64,Computer_Science
S00863,64,76,55,48,100,English
S00864,52,67,38,67,48,Chemistry
S00865,57,84,73,75,33,Computer_Science
S00866,98,44,93,83,75,Physics
S00867,50,68,57,66,61,Math
S00868,28,85,64,56,55,Math
S00869,71,49,24,72,74,Chemistry
S00870,61,44,67,39,47,English
S00871,51,80,58,57,100,Math
S00872,71,71,58,54,26,Computer_Science
S00873,82,73,62,63,78,Chemistry
S00874,37,54,45,97,81,Math
S00875,25,38,63,56,41,Math
S00876,100,71,74,53,78,English
S00877,58,60,76,36,94,English
S00878,68,88,46,48,44,Computer_Science
S00879,70,66,57,47,42,Computer_Science
S00880,64,57,53,93,64,Chemistry
S00881,88,55,69,64,34,Computer_Science
S00882,91,63,78,51,62,English
S00883,49,87,71,72,89,Math
S00884,86,79,39,52,47,Chemistry
S00885,78,68,40,62,38,Computer_Science
S00886,64,35,75,72,99,Physics
S00887,80,57,80,40,48,English
S00888,71,26,64,47,67,Physics
S00889,46,73,65,90,65,Math
S00890,51,61,41,72,76,Chemistry
S00891,100,54,60,55,69,Physics
S00892,72,64,85,54,83,English
S00893,75,65,59,100,50,Computer_Science
S00894,70,51,97,81,53,Physics
S00895,74,70,56,79,72,Chemistry
S00896,69,64,73,69,66,Physics
S00897,53,95,46,73,59,Chemistry
S00898,97,49,52,48,71,English
S00899,40,56,26,69,56,Chemistry
S00900,38,85,41,79,52,Math
S00901,94,78,47,48,76,Chemistry
S00902,60,62,88,52,67,English
S00903,82,80,62,60,34,Computer_Science
S00904,46,71,63,66,84,Math
S00905,44,61,68,52,91,Math
S00906,81,70,97,38,65,English
S00907,72,49,70,45,77,English
S00908,84,70,32,48,75,Chemistry
S00909,65,17,87,67,50,Physics
S00910,83,53,53,71,97,Physics
S00911,94,71,73,79,42,Computer_Science
S00912,77,52,71,61,74,Physics
S00913,67,10,68,77,73,Physics
S00914,63,95,71,73,84,Math
S00915,72,49,21,56,79,Chemistry
S00916,59,79,68,88,60,Math
S00917,73,74,92,34,57,English
S00918,80,93,69,60,79,English
S00919,81,59,71,86,99,Physics
S00920,78,66,64,75,63,Computer_Science
S00921,68,46,88,44,57,English
S00922,67,100,57,53,55,English
S00923,95,14,47,100,76,Physics
S00924,45,64,66,80,98,Math
S00925,72,55,79,52,46,Computer_Science
S00926,33,37,49,44,71,Math
S00927,43,8,46,57,54,Physics
S00928,92,54,81,65,64,Physics
S00929,50,64,51,68,61,Math
S00930,48,83,73,57,68,Math
S00931,63,49,66,54,48,Computer_Science
S00932,36,59,75,52,100,Math
S00933,81,88,79,98,51,Computer_Science
S00934,19,57,75,68,70,Math
S00935,89,72,79,48,45,Computer_Science
S00936,94,67,54,54,53,Computer_Science
S00937,52,42,38,61,54,Chemistry
S00938,85,70,70,52,63,English
S00939,71,78,63,84,65,Chemistry
S00940,79,56,32,70,78,Chemistry
S00941,75,73,59,50,75,English
S00942,73,55,85,49,54,English
S00943,94,81,59,70,68,Chemistry
S00944,16,49,64,59,69,Math
S00945,85,59,46,71,59,Chemistry
S00946,62,60,100,25,58,English
S00947,65,51,81,80,64,Physics
S00948,60,63,63,64,62,Math
S00949,70,79,43,46,34,Computer_Science
S00950,81,70,74,39,97,English
S00951,54,68,80,47,55,English
S00952,68,100,70,94,87,Math
S00953,72,47,84,38,94,English
S00954,69,17,59,77,61,Physics
S00955,78,50,41,64,66,Chemistry
S00956,59,87,50,71,66,Chemistry
S00957,37,41,65,100,75,Math
S00958,34,9,78,63,86,Physics
S00959,49,71,80,57,57,Math
S00960,65,75,65,83,57,Computer_Science
S00961,41,100,54,55,64,Math
S00962,66,58,65,64,68,Physics
S00963,23,99,62,75,40,Math
S00964,57,53,91,54,79,Physics
S00965,53,57,61,88,31,Computer_Science
S00966,41,30,45,50,36,Physics
S00967,52,29,47,87,72,Physics
S00968,68,47,37,44,64,Chemistry
S00969,81,81,76,52,65,English
S00970,59,61,100,33,61,English
S00971,87,39,53,55,61,Physics
S00972,36,76,77,74,49,Math
S00973,67,49,59,100,67,Physics
S00974,44,68,41,43,46,Chemistry
S00975,57,82,75,74,45,Computer_Science
S00976,55,70,54,60,73,Chemistry
S00977,59,69,94,62,86,Math
S00978,75,39,45,50,50,Physics
S00979,63,76,88,71,57,Computer_Science
S00980,28,66,65,68,100,Math
S00981,87,79,48,56,63,Chemistry
S00982,51,74,71,45,87,English
S00983,67,34,64,70,83,Physics
S00984,59,80,68,41,40,Computer_Science
S00985,85,87,71,92,84,Chemistry
S00986,77,49,96,75,58,Physics
S00987,53,70,35,78,48,Chemistry
S00988,72,56,60,51,62,English
S00989,99,90,71,65,80,English
S00990,85,50,64,32,85,English
S00991,100,66,27,76,49,Chemistry
S00992,53,76,70,56,53,Math
S00993,67,58,45,59,71,Chemistry
S00994,62,40,83,16,57,English
S00995,54,68,75,85,52,Computer_Science
S00996,76,69,34,99,39,Chemistry
S00997,73,72,70,56,80,English
S00998,37,64,55,53,73,Math
S00999,84,59,79,66,49,Computer_Science
S01000,60,60,52,73,69,Chemistry
S01001,36,35,73,50,70,Physics
S01002,79,42,40,95,71,Chemistry
S01003,57,48,56,44,81,English
S01004,51,85,58,46,57,English
S01005,18,63,62,80,31,Math
S01006,86,80,88,64,83,English
S01007,39,78,51,35,45,English
S01008,65,50,72,32,27,Computer_Science
S01009,90,81,46,65,83,Chemistry
S01010,73,68,85,52,66,English
S01011,65,60,58,66,66,Chemistry
S01012,46,79,47,61,60,Math
S01013,71,27,81,53,87,Physics
S01014,56,64,99,60,87,Math
S01015,66,72,66,80,53,Computer_Science
S01016,47,54,67,61,78,Math
S01017,88,47,52,39,100,English
S01018,70,74,41,65,74,Chemistry
S01019,60,84,100,48,47,Computer_Science
S01020,49,94,84,63,66,Math
S01021,50,81,58,60,76,Math
S01022,62,61,65,79,95,Physics
S01023,76,79,61,52,77,English
S01024,68,39,59,64,56,Physics
S01025,92,74,90,70,66,Computer_Science
S01026,48,65,65,40,55,English
S01027,59,72,73,55,73,English
S01028,62,13,56,84,35,Physics
S01029,67,94,51,65,42,Computer_Science
S01030,94,64,66,89,77,Physics
S01031,49,53,74,54,27,Computer_Science
S01032,64,38,94,68,49,Physics
S01033,52,31,45,83,100,Physics
S01034,78,63,57,48,100,English
S01035,62,100,90,34,53,English
S01036,53,64,64,100,46,Computer_Science
S01037,69,76,65,67,46,Computer_Science
S01038,67,74,71,75,90,Math
S01039,82,66,44,54,61,Chemistry
S01040,70,56,48,44,35,Computer_Science
S01041,61,39,47,58,41,Physics
S01042,72,78,55,57,75,Chemistry
S01043,52,51,87,81,76,Physics
S01044,82,29,89,72,83,Physics
S01045,72,66,60,72,59,Computer_Science
S01046,81,36,55,100,54,Physics
S01047,61,49,71,52,62,Physics
S01048,80,52,79,80,84,Physics
S01049,68,100,84,71,49,Computer_Science
S01050,63,91,96,92,79,Math
S01051,42,74,43,38,69,English
S01052,74,81,74,75,47,Computer_Science
S01053,63,38,29,78,51,Chemistry
S01054,81,85,54,76,53,Computer_Science
S01055,32,67,57,57,100,Math
S01056,38,72,47,81,70,Math
S01057,72,48,51,82,97,Physics
S01058,74,49,71,100,67,Physics
S01059,91,52,64,76,72,Physics
S01060,51,50,83,86,92,Physics
S01061,97,67,59,89,78,Chemistry
S01062,47,46,74,62,65,Physics
S01063,84,79,89,30,70,English
S01064,78,38,53,50,65,Physics
S01065,94,100,50,74,75,Chemistry
S01066,72,72,70,95,85,Chemistry
S01067,46,79,81,71,85,Math
S01068,68,69,67,29,64,English
S01069,53,44,91,74,64,Physics
S01070,55,70,83,50,65,English
S01071,81,30,64,57,63,Physics
S01072,56,67,100,59,70,Math
S01073,100,55,98,65,97,Physics
S01074,79,71,64,54,66,English
S01075,81,65,59,60,83,Chemistry
S01076,87,53,53,72,92,Physics
S01077,86,42,60,48,60,Physics
S01078,94,39,36,50,70,Chemistry
S01079,76,73,86,33,86,English
S01080,59,78,41,65,69,Chemistry
S01081,86,36,66,45,74,Physics
S01082,79,88,55,82,89,Chemistry
S01083,35,76,82,60,43,Math
S01084,82,43,62,64,78,Physics
S01085,54,53,67,83,100,Physics
S01086,38,71,45,83,48,Math
S01087,53,54,64,71,74,Math
S01088,65,41,78,64,86,Physics
S01089,52,36,64,88,68,Physics
S01090,61,49,97,46,52,English
S01091,75,32,88,76,81,Physics
S01092,75,62,46,62,47,Chemistry
S01093,74,80,92,72,82,English
S01094,60,56,74,58,70,Physics
S01095,46,49,76,81,47,Math
S01096,77,55,65,91,80,Physics
S01097,79,99,52,47,52,English
S01098,60,23,61,55,79,Physics
S01099,71,54,76,78,51,Computer_Science
S01100,56,25,45,52,66,Physics
S01101,48,56,43,68,73,Chemistry
S01102,72,65,37,54,58,Chemistry
S01103,58,66,91,80,47,Computer_Science
S01104,77,77,50,80,62,Chemistry
S01105,40,73,69,61,64,Math
S01106,52,76,64,68,71,Math
S01107,44,49,25,75,43,Chemistry
S01108,67,72,76,43,64,English
S01109,95,96,83,71,47,Computer_Science
S01110,78,62,75,54,62,English
S01111,68,69,74,55,41,Computer_Science
S01112,94,100,73,41,51,English
S01113,74,89,43,63,69,Chemistry
S01114,81,59,37,76,85,Chemistry
S01115,64,72,56,50,83,English
S01116,72,74,92,46,55,English
S01117,68,55,79,62,47,Computer_Science
S01118,66,68,82,72,73,Math
S01119,71,62,52,70,59,Chemistry
S01120,95,89,76,72,63,Computer_Science
S01121,42,61,67,69,73,Math
S01122,82,53,53,91,79,Physics
S01123,58,63,63,66,74,Math
S01124,100,68,77,35,56,English
S01125,87,72,0,77,100,Chemistry
S01126,29,92,15,82,65,Chemistry
S01127,23,73,86,72,76,Math
S01128,58,31,77,96,85,Physics
S01129,29,38,50,36,66,Math
S01130,72,39,79,76,55,Physics
S01131,62,30,59,65,68,Physics
S01132,72,69,60,70,83,Chemistry
S01133,63,71,62,53,74,English
S01134,55,72,66,60,59,Math
S01135,56,35,72,69,80,Physics
S01136,55,99,58,49,47,Computer_Science
S01137,34,93,90,76,49,Math
S01138,98,59,60,91,77,Physics
S01139,100,69,58,54,32,Computer_Science
S01140,60,86,76,65,47,Computer_Science
S01141,69,83,73,68,51,Computer_Science
S01142,81,9,72,100,38,Physics
S01143,61,65,57,84,74,Chemistry
S01144,68,79,65,100,68,Chemistry
S01145,69,34,55,86,41,Physics
S01146,26,66,90,66,59,Math
S01147,32,73,77,33,85,Math
S01148,79,85,76,77,74,Computer_Science
S01149,81,32,38,52,63,Physics
S01150,72,71,85,86,49,Computer_Science
S01151,69,50,62,71,4,Computer_Science
S01152,100,75,54,100,59,Chemistry
S01153,67,56,95,63,68,Physics
S01154,87,76,64,85,100,Chemistry
S01155,71,67,68,89,54,Computer_Science
S01156,60,37,44,56,64,Physics
S01157,97,75,49,52,90,Chemistry
S01158,85,66,57,85,47,Computer_Science
S01159,72,100,69,51,72,English
S01160,57,40,78,85,59,Physics
S01161,58,48,62,55,47,Computer_Science
S01162,99,73,75,81,79,Physics
S01163,58,70,60,73,71,Math
S01164,58,41,68,61,31,Computer_Science
S01165,74,82,100,58,55,Computer_Science
S01166,45,69,69,50,62,Math
S01167,29,82,51,64,39,Math
S01168,55,60,65,74,91,Math
S01169,78,82,91,75,64,Computer_Science
S01170,83,84,77,39,50,English
S01171,60,79,65,85,89,Math
S01172,87,87,46,74,54,Chemistry
S01173,35,60,89,73,100,Math
S01174,68,100,68,65,42,Computer_Science
S01175,85,56,53,88,86,Chemistry
S01176,85,58,64,64,79,Physics
S01177,93,72,100,81,61,Computer_Science
S01178,80,96,100,86,65,Computer_Science
S01179,61,75,95,73,73,Math
S01180,66,59,62,67,96,Physics
S01181,61,66,49,78,90,Chemistry
S01182,94,69,75,62,75,English
S01183,71,66,67,73,60,Computer_Science
S01184,61,96,100,43,42,Computer_Science
S01185,48,63,81,76,68,Math
S01186,75,53,61,65,36,Computer_Science
S01187,44,45,79,69,76,Math
S01188,32,38,77,15,87,English
S01189,32,80,49,84,100,Math
S01190,24,78,32,73,61,Math
S01191,67,49,79,39,87,English
S01192,58,40,94,64,99,Physics
S01193,87,51,63,67,92,Physics
S01194,73,68,61,64,88,Chemistry
S01195,65,58,55,55,40,Computer_Science
S01196,51,92,61,78,20,Computer_Science
S01197,75,62,56,68,56,Chemistry
S01198,27,82,69,59,48,Math
S01199,39,69,94,69,40,Math
S01200,69,64,81,76,11,Computer_Science
S01201,75,47,39,62,72,Chemistry
S01202,35,78,79,66,49,Math
S01203,47,83,38,84,62,Chemistry
S01204,63,34,62,76,41,Physics
S01205,74,67,53,80,25,Computer_Science
S01206,71,94,91,72,60,Computer_Science
S01207,54,60,75,50,79,English
S01208,100,64,41,41,79,Chemistry
S01209,64,81,55,80,62,Chemistry
S01210,52,58,43,100,63,Chemistry
S01211,77,55,46,61,85,Chemistry
S01212,56,49,68,74,95,Physics
S01213,71,77,78,44,48,English
S01214,45,41,79,70,66,Physics
S01215,18,100,49,100,39,Math
S01216,50,25,72,45,46,Physics
S01217,40,79,78,98,53,Math
S01218,69,42,59,56,73,Physics
S01219,83,83,50,83,64,Chemistry
S01220,59,52,55,96,71,Physics
S01221,68,60,100,88,52,Computer_Science
S01222,60,61,68,52,73,English
S01223,91,41,45,56,57,Physics
S01224,100,83,82,60,60,English
S01225,39,79,74,88,61,Math
S01226,62,68,81,39,78,English
S01227,65,46,27,63,91,Chemistry
S01228,95,71,100,64,82,English
S01229,57,56,53,28,88,English
S01230,53,51,44,61,97,Chemistry
S01231,100,35,59,46,83,Physics
S01232,70,54,66,56,94,Physics
S01233,75,77,17,64,100,Chemistry
S01234,89,32,59,43,96,Physics
S01235,69,51,66,18,45,English
S01236,66,80,30,58,83,Chemistry
S01237,39,69,66,96,61,Math
S01238,62,80,41,61,57,Chemistry
S01239,62,80,75,52,67,English
S01240,92,50,68,62,64,Physics
S01241,36,90,51,83,54,Math
S01242,54,87,83,69,79,Math
S01243,60,65,53,81,53,Chemistry
S01244,92,59,65,79,65,Physics
S01245,60,64,81,53,63,English
S01246,65,81,63,98,62,Computer_Science
S01247,61,62,41,46,55,Chemistry
S01248,85,64,56,87,93,Chemistry
S01249,88,50,56,98,69,Physics
S01250,60,78,83,55,69,English
S01251,82,44,65,45,47,Physics
S01252,55,74,59,53,66,English
S01253,44,73,85,64,61,Math
S01254,72,28,75,100,63,Physics
S01255,63,78,95,83,26,Computer_Science
S01256,75,100,76,44,70,English
S01257,42,87,48,66,50,Math
S01258,55,92,67,55,44,Computer_Science
S01259,31,42,67,83,55,Math
S01260,93,52,61,46,83,English
S01261,100,33,59,88,39,Physics
S01262,75,87,66,75,97,Chemistry
S01263,100,64,55,48,83,English
S01264,40,60,67,56,70,Math
S01265,100,63,57,83,69,Chemistry
S01266,91,68,61,33,36,English
S01267,32,72,40,88,66,Math
S01268,61,50,76,51,47,Computer_Science
S01269,86,71,61,77,65,Chemistry
S01270,72,50,100,55,93,Physics
S01271,62,80,78,86,50,Computer_Science
S01272,84,98,60,66,56,Computer_Science
S01273,59,96,47,48,94,Chemistry
S01274,76,100,57,67,53,Computer_Science
S01275,68,33,77,71,64,Physics
S01276,58,49,78,44,74,English
S01277,100,92,38,55,73,Chemistry
S01278,64,40,72,65,99,Physics
S01279,60,86,42,46,78,Chemistry
S01280,85,48,65,40,62,English
S01281,80,57,61,45,53,English
S01282,97,66,47,59,36,Computer_Science
S01283,47,89,62,99,63,Math
S01284,64,77,17,69,64,Chemistry
S01285,92,82,45,87,60,Chemistry
S01286,49,69,61,93,71,Math
S01287,69,81,85,79,91,Math
S01288,76,68,87,63,66,English
S01289,96,94,65,57,91,English
S01290,79,71,59,71,65,Chemistry
S01291,53,67,70,58,81,Math
S01292,88,82,60,79,66,Chemistry
S01293,43,77,68,100,91,Math
S01294,78,69,68,47,34,Computer_Science
S01295,49,64,27,55,61,Chemistry
S01296,61,53,59,96,77,Physics
S01297,55,64,64,51,51,English
S01298,83,57,45,64,67,Chemistry
S01299,29,64,81,73,100,Math
S01300,88,91,100,79,68,Computer_Science
S01301,83,55,67,53,72,English
S01302,53,53,72,63,30,Computer_Science
S01303,39,44,49,72,69,Math
S01304,84,79,84,76,69,Computer_Science
S01305,85,82,72,88,23,Computer_Science
S01306,60,59,86,93,39,Computer_Science
S01307,90,44,44,61,59,Physics
S01308,37,77,77,84,57,Math
S01309,64,64,95,14,48,English
S01310,65,45,60,63,53,Physics
S01311,66,76,61,57,62,English
S01312,65,34,73,57,88,Physics
S01313,76,86,47,58,43,Computer_Science
S01314,52,88,92,44,57,English
S01315,64,76,33,36,74,Chemistry
S01316,30,57,68,72,62,Math
S01317,58,80,70,53,66,English
S01318,72,96,79,87,54,Computer_Science
S01319,56,61,62,47,88,English
S01320,81,59,77,69,78,Physics
S01321,41,62,64,76,54,Math
S01322,20,46,64,66,95,Math
S01323,75,66,64,85,54,Computer_Science
S01324,62,45,91,72,52,Physics
S01325,63,74,60,55,53,Computer_Science
S01326,71,59,57,41,66,English
S01327,62,59,69,78,78,Physics
S01328,75,61,55,46,54,English
S01329,65,51,67,48,35,Computer_Science
S01330,80,56,50,45,73,English
S01331,90,58,61,84,32,Computer_Science
S01332,100,100,16,63,52,Chemistry
S01333,60,57,80,63,49,Computer_Science
S01334,62,74,44,35,100,English
S01335,53,63,58,75,97,Math
S01336,75,38,40,58,60,Physics
S01337,34,80,45,92,98,Math
S01338,61,73,43,76,56,Chemistry
S01339,45,60,57,59,82,Math
S01340,51,96,41,94,47,Chemistry
S01341,65,56,59,79,92,Physics
S01342,86,58,68,51,47,Computer_Science
S01343,44,57,69,31,64,English
S01344,92,85,54,40,73,English
S01345,23,85,61,98,34,Math
S01346,82,63,59,40,76,English
S01347,77,97,83,54,47,Computer_Science
S01348,40,92,51,92,74,Math
S01349,71,59,77,65,58,Computer_Science
S01350,78,62,51,76,64,Chemistry
S01351,74,57,43,96,93,Chemistry
S01352,81,58,60,90,59,Physics
S01353,54,99,64,97,40,Computer_Science
S01354,74,100,66,60,44,Computer_Science
S01355,84,51,63,43,93,English
S01356,86,64,44,93,58,Chemistry
S01357,45,33,53,39,54,Physics
S01358,78,58,71,52,66,English
S01359,100,59,72,37,92,English
S01360,56,84,63,76,77,Math
S01361,57,85,51,79,58,Chemistry
S01362,71,57,66,46,69,English
S01363,66,55,64,67,54,Computer_Science
S01364,63,47,100,84,70,Physics
S01365,86,29,19,58,40,Chemistry
S01366,61,69,82,45,72,English
S01367,65,71,56,90,63,Chemistry
S01368,97,51,78,64,59,Physics
S01369,76,60,17,10,88,English
S01370,87,99,65,42,57,English
S01371,65,47,95,100,74,Physics
S01372,65,42,93,66,60,Physics
S01373,74,54,68,39,85,English
S01374,63,86,61,63,43,Computer_Science
S01375,79,49,56,65,67,Physics
S01376,34,61,79,58,61,Math
S01377,68,63,46,64,83,Chemistry
S01378,46,58,40,82,63,Chemistry
S01379,50,67,43,46,39,Computer_Science
S01380,46,89,52,73,50,Math
S01381,79,47,66,66,100,Physics
S01382,76,54,77,100,36,Computer_Science
S01383,50,61,57,59,42,Computer_Science
S01384,90,39,61,84,64,Physics
S01385,47,41,61,51,69,Physics
S01386,40,80,67,68,91,Math
S01387,57,52,55,62,63,Physics
S01388,50,29,55,71,67,Physics
S01389,87,100,79,90,79,Chemistry
S01390,96,98,82,78,61,Computer_Science
S01391,64,59,76,52,62,English
S01392,23,96,61,73,91,Math
S01393,70,91,43,100,85,Chemistry
S01394,69,91,44,60,91,Chemistry
S01395,31,75,75,100,37,Math
S01396,94,55,57,43,45,English
S01397,72,45,78,53,43,Computer_Science
S01398,55,71,60,66,78,Math
S01399,84,59,46,66,73,Chemistry
S01400,39,49,52,61,51,Math
S01401,78,36,37,59,62,Physics
S01402,39,54,58,58,68,Math
S01403,53,92,74,50,67,English
S01404,67,87,54,79,66,Chemistry
S01405,92,88,69,60,74,English
S01406,62,95,66,58,57,Computer_Science
S01407,43,75,50,85,42,Computer_Science
S01408,67,86,26,100,57,Chemistry
S01409,68,75,78,70,83,Math
S01410,74,97,74,100,81,Math
S01411,32,100,55,92,65,Math
S01412,84,53,76,60,93,Physics
S01413,73,82,26,63,72,Chemistry
S01414,69,82,58,66,86,Chemistry
S01415,24,76,59,49,71,Math
S01416,87,84,63,81,81,Chemistry
S01417,63,53,54,80,64,Physics
S01418,46,35,80,55,71,Physics
S01419,87,41,64,62,72,Physics
S01420,87,41,75,84,62,Physics
S01421,63,73,71,75,75,Math
S01422,47,83,86,68,38,Computer_Science
S01423,63,68,44,59,40,Computer_Science
S01424,76,68,35,71,64,Chemistry
S01425,74,58,51,51,55,Chemistry
S01426,65,68,62,57,59,English
S01427,100,51,55,100,73,Physics
S01428,40,80,49,81,61,Math
S01429,57,94,75,83,73,Math
S01430,57,76,87,67,97,Math
S01431,80,69,70,67,42,Computer_Science
S01432,63,69,58,71,65,Chemistry
S01433,79,77,68,40,97,English
S01434,62,64,59,56,93,English
S01435,90,73,63,76,66,Chemistry
S01436,62,71,57,70,69,Chemistry
S01437,76,54,78,49,55,English
S01438,55,46,83,48,52,Physics
S01439,88,55,62,47,80,English
S01440,80,78,75,66,56,Computer_Science
S01441,50,88,79,53,66,Math
S01442,60,45,68,58,48,Physics
S01443,38,37,58,63,49,Physics
S01444,77,64,75,62,51,Computer_Science
S01445,67,42,75,48,82,Physics
S01446,59,84,45,53,72,Chemistry
S01447,86,95,66,98,60,Computer_Science
S01448,85,48,73,23,45,English
S01449,73,41,73,81,56,Physics
S01450,48,56,48,63,67,Math
S01451,59,95,52,90,46,Computer_Science
S01452,66,86,85,57,75,English
S01453,73,55,76,99,73,Physics
S01454,75,77,39,73,47,Chemistry
S01455,54,100,60,52,86,English
S01456,48,57,87,66,37,Computer_Science
S01457,75,58,93,54,84,English
S01458,97,50,62,72,50,Physics
S01459,70,61,61,66,66,Physics
S01460,68,54,55,63,64,Physics
S01461,57,71,32,52,60,Chemistry
S01462,50,94,65,68,56,Math
S01463,65,43,62,48,60,Physics
S01464,19,45,91,80,89,Math
S01465,90,77,57,46,86,English
S01466,66,100,58,100,62,Chemistry
S01467,89,96,47,56,46,Computer_Science
S01468,43,77,61,66,75,Math
S01469,32,88,59,75,76,Math
S01470,90,63,27,66,69,Chemistry
S01471,46,68,59,41,77,English
S01472,55,58,57,87,64,Math
S01473,66,57,73,89,77,Physics
S01474,77,76,40,49,61,Chemistry
S01475,52,46,31,41,60,Chemistry
S01476,64,51,66,57,85,Physics
S01477,62,78,69,40,63,English
S01478,43,63,52,72,41,Computer_Science
S01479,65,75,81,51,65,English
S01480,68,93,38,49,100,Chemistry
S01481,60,31,55,15,69,English
S01482,80,49,57,82,33,Computer_Science
S01483,41,61,51,60,42,Math
S01484,69,62,75,69,69,Physics
S01485,39,74,59,62,84,Math
S01486,52,89,91,79,47,Computer_Science
S01487,26,84,67,52,86,Math
S01488,49,57,74,45,63,English
S01489,85,69,87,85,65,Computer_Science
S01490,23,45,79,37,59,Math
S01491,71,91,55,53,64,English
S01492,71,62,84,51,67,English
S01493,73,58,80,68,79,Physics
S01494,68,72,54,54,87,Chemistry
S01495,76,47,68,22,55,English
S01496,82,63,67,11,58,English
S01497,71,73,82,61,62,English
S01498,41,61,42,32,45,English
S01499,92,60,69,56,33,Computer_Science
S01500,82,26,55,64,69,Physics
S01501,52,32,51,52,51,Physics
S01502,82,43,70,68,82,Physics
S01503,63,79,62,73,38,Computer_Science
S01504,18,72,73,74,56,Math
S01505,92,57,73,76,96,Physics
S01506,59,53,38,93,73,Chemistry
S01507,73,100,71,42,61,English
S01508,47,58,58,54,40,Computer_Science
S01509,94,70,61,79,73,Chemistry
S01510,70,77,67,77,79,Chemistry
S01511,68,61,93,56,72,English
S01512,72,54,50,59,56,Chemistry
S01513,39,53,70,88,75,Math
S01514,18,77,55,73,65,Math
S01515,62,63,65,89,65,Math
S01516,85,82,77,33,85,English
S01517,57,78,47,44,100,English
S01518,48,86,67,57,64,Math
S01519,42,65,46,58,82,Math
S01520,70,38,80,65,55,Physics
S01521,78,62,44,98,65,Chemistry
S01522,64,58,86,56,37,Computer_Science
S01523,53,89,80,60,90,Math
S01524,78,60,62,71,50,Computer_Science
S01525,65,71,35,62,60,Chemistry
S01526,84,32,58,56,82,Physics
S01527,64,97,77,58,69,English
S01528,59,80,41,50,73,Chemistry
S01529,87,25,90,62,31,Physics
S01530,11,37,65,64,76,Math
S01531,55,45,58,66,69,Physics
S01532,51,81,54,49,55,English
S01533,84,63,52,82,100,Chemistry
S01534,69,87,84,54,65,English
S01535,42,61,54,58,52,Math
S01536,60,75,63,31,52,English
S01537,38,69,74,70,51,Math
S01538,69,57,45,78,80,Chemistry
S01539,82,54,86,56,77,Physics
S01540,56,61,21,60,67,Chemistry
S01541,58,97,44,55,49,Chemistry
S01542,55,84,92,52,52,English
S01543,44,89,85,63,40,Computer_Science
S01544,41,68,75,28,59,English
S01545,94,61,92,77,45,Computer_Science
S01546,60,63,48,48,92,Chemistry
S01547,47,84,57,65,75,Math
S01548,54,75,28,73,21,Computer_Science
S01549,61,80,76,42,44,English
S01550,53,68,28,65,71,Chemistry
S01551,60,74,69,55,30,Computer_Science
S01552,67,48,55,74,91,Physics
S01553,64,75,39,69,64,Chemistry
S01554,87,55,61,84,63,Physics
S01555,45,100,46,64,71,Math
S01556,70,62,62,61,45,Computer_Science
S01557,100,61,76,59,59,English
S01558,57,37,62,58,86,Physics
S01559,43,55,49,91,49,Math
S01560,75,82,62,40,40,English
S01561,80,42,72,67,72,Physics
S01562,73,48,47,78,54,Chemistry
S01563,15,77,46,73,90,Math
S01564,65,83,68,94,46,Computer_Science
S01565,65,77,62,86,57,Computer_Science
S01566,100,100,70,75,86,Chemistry
S01567,44,41,88,70,61,Physics
S01568,65,22,62,51,82,Physics
S01569,83,75,72,38,76,English
S01570,76,87,100,35,58,English
S01571,52,68,65,61,83,Math
S01572,45,46,47,59,43,Computer_Science
S01573,64,62,51,81,64,Chemistry
S01574,84,61,65,55,65,English
S01575,78,58,74,50,79,English
S01576,55,80,66,92,44,Computer_Science
S01577,38,54,40,40,76,Math
S01578,65,56,58,54,95,English
S01579,52,41,79,61,100,Physics
S01580,56,80,84,56,52,Computer_Science
S01581,78,75,40,45,19,Computer_Science
S01582,76,60,62,35,45,English
S01583,56,53,67,76,100,Physics
S01584,65,85,50,35,59,English
S01585,36,65,51,30,96,English
S01586,55,36,81,52,85,Physics
S01587,52,55,71,76,79,Math
S01588,63,75,78,69,62,Computer_Science
S01589,39,76,66,58,88,Math
S01590,39,95,65,71,58,Math
S01591,35,62,71,77,61,Math
S01592,26,37,100,45,91,Math
S01593,48,62,76,50,94,Math
S01594,66,73,60,77,93,Chemistry
S01595,63,96,54,79,74,Chemistry
S01596,46,69,65,50,71,Math
S01597,68,64,64,63,58,Computer_Science
S01598,68,53,100,40,54,English
S01599,56,100,41,73,69,Chemistry
S01600,71,87,87,57,68,English
S01601,31,67,51,62,35,Math
S01602,72,34,68,43,50,Physics
S01603,86,76,86,93,51,Computer_Science
S01604,92,39,78,56,48,Physics
S01605,76,82,81,69,67,Computer_Science
S01606,74,70,75,69,80,English
S01607,36,63,40,70,95,Math
S01608,56,67,79,28,56,English
S01609,72,13,47,85,83,Physics
S01610,72,81,69,75,59,Computer_Science
S01611,67,54,88,92,90,Physics
S01612,58,48,88,75,71,Physics
S01613,54,73,45,76,90,Chemistry
S01614,94,78,40,69,100,Chemistry
S01615,49,64,90,76,100,Math
S01616,52,47,87,43,61,English
S01617,64,84,76,73,58,Computer_Science
S01618,87,100,77,67,42,Computer_Science
S01619,54,61,55,65,97,Math
S01620,87,62,43,89,64,Chemistry
S01621,34,78,83,21,50,English
S01622,63,78,56,50,78,English
S01623,57,75,45,41,79,English
S01624,70,82,55,51,89,English
S01625,38,88,89,80,53,Math
S01626,50,61,42,48,77,Chemistry
S01627,77,46,77,73,92,Physics
S01628,75,84,74,83,42,Computer_Science
S01629,63,64,61,73,76,Chemistry
S01630,72,62,52,85,71,Chemistry
S01631,47,62,34,66,61,Chemistry
S01632,55,94,44,78,100,Chemistry
S01633,84,64,45,40,58,English
S01634,53,52,59,63,74,Physics
S01635,43,53,62,61,98,Math
S01636,69,36,73,75,63,Physics
S01637,43,97,46,77,69,Math
S01638,76,96,75,55,85,English
S01639,54,68,42,46,66,Chemistry
S01640,72,34,74,50,88,Physics
S01641,59,45,66,49,88,Physics
S01642,65,62,76,47,42,Computer_Science
S01643,72,45,45,80,74,Physics
S01644,42,54,49,97,81,Math
S01645,57,75,41,53,67,Chemistry
S01646,73,63,69,66,62,Computer_Science
S01647,60,57,69,72,69,Physics
S01648,44,47,72,91,68,Math
S01649,58,69,45,89,68,Chemistry
S01650,53,62,56,89,61,Math
S01651,68,75,52,68,70,Chemistry
S01652,37,70,64,67,66,Math
S01653,70,89,44,59,77,Chemistry
S01654,74,73,100,76,85,Physics
S01655,59,47,59,78,72,Physics
S01656,72,61,58,62,78,Chemistry
S01657,80,47,79,53,73,Physics
S01658,62,93,57,68,76,Chemistry
S01659,49,64,60,56,57,Math
S01660,85,54,75,71,40,Computer_Science
S01661,74,40,76,56,65,Physics
S01662,42,67,82,50,54,Math
S01663,73,74,21,100,75,Chemistry
S01664,78,62,32,77,55,Chemistry
S01665,75,61,69,51,81,English
S01666,44,100,100,94,88,Math
S01667,63,86,63,37,92,English
S01668,85,64,43,54,32,Computer_Science
S01669,82,36,70,50,39,Physics
S01670,69,59,80,42,51,English
S01671,22,26,97,100,67,Math
S01672,50,60,81,56,69,Math
S01673,65,55,56,70,47,Computer_Science
S01674,73,57,67,90,62,Physics
S01675,82,33,57,65,100,Physics
S01676,30,63,91,51,61,Math
S01677,71,68,93,73,89,Physics
S01678,59,52,61,44,74,English
S01679,58,53,74,44,79,English
S01680,56,86,58,76,68,Math
S01681,78,67,35,83,63,Chemistry
S01682,79,77,51,49,77,English
S01683,60,82,62,83,73,Math
S01684,70,58,69,86,64,Physics
S01685,75,66,67,96,87,Physics
S01686,66,69,52,62,71,Chemistry
S01687,80,78,45,83,63,Chemistry
S01688,47,89,91,70,78,Math
S01689,79,90,78,41,100,English
S01690,84,56,46,74,60,Chemistry
S01691,71,78,55,45,72,English
S01692,55,68,41,60,78,Chemistry
S01693,76,51,44,65,75,Chemistry
S01694,72,56,70,92,69,Physics
S01695,36,69,100,42,66,Math
S01696,61,67,68,86,67,Math
S01697,88,63,59,53,32,Computer_Science
S01698,70,100,73,77,58,Computer_Science
S01699,61,83,100,92,79,Math
S01700,66,69,51,39,45,English
S01701,66,60,39,64,59,Chemistry
S01702,44,58,59,54,82,Math
S01703,31,29,65,67,72,Physics
S01704,55,48,65,57,93,Physics
S01705,59,64,100,61,75,Math
S01706,77,78,70,68,67,Computer_Science
S01707,55,71,100,87,70,Math
S01708,80,49,60,82,92,Physics
S01709,51,56,100,67,98,Math
S01710,69,69,60,82,89,Chemistry
S01711,46,59,81,63,56,Math
S01712,83,85,57,69,43,Computer_Science
S01713,49,67,66,48,52,English
S01714,46,73,30,47,31,Chemistry
S01715,73,33,66,95,95,Physics
S01716,32,70,47,44,63,Math
S01717,87,76,52,78,25,Computer_Science
S01718,51,50,66,61,62,Physics
S01719,62,65,75,68,60,Computer_Science
S01720,72,80,55,64,86,Chemistry
S01721,45,97,41,59,48,Chemistry
S01722,100,56,56,58,67,Physics
S01723,59,63,1,66,65,Chemistry
S01724,84,89,62,80,45,Computer_Science
S01725,79,55,44,62,90,Chemistry
S01726,68,92,52,84,53,Chemistry
S01727,69,69,77,70,52,Computer_Science
S01728,81,96,54,32,74,English
S01729,59,63,75,57,60,English
S01730,63,91,66,43,43,English
S01731,68,45,37,76,77,Chemistry
S01732,58,70,68,76,76,Math
S01733,18,61,74,58,66,Math
S01734,79,66,92,85,63,Computer_Science
S01735,61,14,59,41,69,Physics
S01736,68,78,90,65,100,English
S01737,69,41,55,58,76,Physics
S01738,48,60,62,57,80,Math
S01739,77,86,59,87,40,Computer_Science
S01740,40,43,65,87,54,Math
S01741,56,61,75,56,55,Computer_Science
S01742,41,55,86,67,52,Math
S01743,87,54,91,90,66,Physics
S01744,38,100,72,59,82,Math
S01745,78,89,53,71,44,Computer_Science
S01746,77,65,70,62,60,Computer_Science
S01747,49,79,92,55,75,Math
S01748,73,65,38,42,51,Chemistry
S01749,26,90,72,64,26,Math
S01750,32,65,100,52,81,Math
S01751,56,66,87,59,53,Computer_Science
S01752,91,66,85,53,90,English
S01753,70,73,67,56,65,English
S01754,57,82,61,38,35,Computer_Science
S01755,34,76,44,70,67,Math
S01756,64,73,68,16,59,English
S01757,73,95,95,40,59,English
S01758,37,92,83,71,68,Math
S01759,90,87,86,73,59,Computer_Science
S01760,79,80,62,59,85,English
S01761,95,52,60,71,74,Physics
S01762,56,99,73,75,97,Math
S01763,57,63,42,62,38,Computer_Science
S01764,78,73,60,63,79,Chemistry
S01765,45,69,78,33,77,English
S01766,35,63,44,91,44,Math
S01767,35,67,58,38,74,Math
S01768,29,46,55,79,88,Math
S01769,85,62,21,72,91,Chemistry
S01770,87,73,44,56,100,Chemistry
S01771,39,44,82,57,44,Math
S01772,93,73,58,44,100,English
S01773,65,90,81,56,56,English
S01774,91,91,31,75,63,Chemistry
S01775,46,70,41,57,51,Chemistry
S01776,56,64,47,93,74,Chemistry
S01777,97,62,55,97,55,Chemistry
S01778,62,78,43,78,76,Chemistry
S01779,88,81,88,63,49,Computer_Science
S01780,100,38,39,75,94,Physics
S01781,68,83,29,56,31,Chemistry
S01782,79,37,42,74,84,Physics
S01783,62,75,75,61,45,Computer_Science
S01784,75,76,81,71,44,Computer_Science
S01785,77,65,56,60,53,Computer_Science
S01786,81,39,47,59,94,Physics
S01787,84,35,89,89,44,Physics
S01788,20,64,85,94,49,Math
S01789,97,25,58,57,86,Physics
S01790,88,82,41,81,74,Chemistry
S01791,35,28,84,62,42,Physics
S01792,61,72,64,37,99,English
S01793,83,59,60,71,45,Computer_Science
S01794,71,41,64,44,45,Physics
S01795,95,66,69,29,54,English
S01796,73,68,26,69,72,Chemistry
S01797,88,53,25,47,45,Chemistry
S01798,78,16,57,91,65,Physics
S01799,81,35,36,91,67,Physics
S01800,67,45,67,44,86,English
S01801,100,74,54,19,35,English
S01802,93,46,58,77,92,Physics
S01803,61,58,66,54,55,English
S01804,72,68,100,73,86,Physics
S01805,46,74,52,72,77,Math
S01806,66,100,91,86,79,Math
S01807,97,39,90,47,55,Physics
S01808,75,87,44,56,67,Chemistry
S01809,62,80,100,73,52,Computer_Science
S01810,42,59,48,73,73,Math
S01811,57,100,52,63,77,Chemistry
S01812,81,88,73,84,53,Computer_Science
S01813,82,81,92,35,49,English
S01814,80,17,74,84,55,Physics
S01815,57,46,56,56,53,Physics
S01816,52,60,60,99,58,Math
S01817,71,55,54,34,37,English
S01818,43,68,84,33,55,English
S01819,40,60,84,57,64,Math
S01820,91,73,51,68,50,Computer_Science
S01821,73,74,40,68,63,Chemistry
S01822,75,80,74,60,82,English
S01823,49,41,7,64,50,Chemistry
S01824,72,30,53,73,46,Physics
S01825,72,55,64,76,82,Physics
S01826,67,50,57,76,47,Computer_Science
S01827,62,58,63,47,32,Computer_Science
S01828,74,82,33,72,84,Chemistry
S01829,76,57,48,66,69,Chemistry
S01830,67,62,46,73,73,Chemistry
S01831,69,67,95,54,88,English
S01832,52,85,87,60,95,Math
S01833,73,49,58,85,82,Physics
S01834,46,62,69,56,100,Math
S01835,69,64,86,58,83,English
S01836,35,57,84,93,51,Math
S01837,49,75,54,60,81,Math
S01838,55,30,42,65,31,Physics
S01839,60,40,95,100,46,Physics
S01840,70,48,59,97,57,Physics
S01841,60,48,86,6,57,English
S01842,64,53,81,87,40,Computer_Science
S01843,100,39,88,68,56,Physics
S01844,58,64,69,48,61,English
S01845,51,43,50,44,57,Physics
S01846,73,67,100,25,73,English
S01847,65,80,78,62,68,English
S01848,52,76,31,79,65,Chemistry
S01849,56,61,62,88,100,Math
S01850,87,55,76,77,48,Computer_Science
S01851,42,64,80,36,52,English
S01852,75,66,90,40,100,English
S01853,37,28,64,45,64,Physics
S01854,64,61,50,73,59,Chemistry
S01855,85,62,48,35,62,English
S01856,42,41,74,33,90,English
S01857,68,64,46,79,65,Chemistry
S01858,53,69,35,36,45,Chemistry
S01859,71,65,84,48,75,English
S01860,63,48,72,64,54,Physics
S01861,66,63,62,58,42,Computer_Science
S01862,66,51,47,61,78,Chemistry
S01863,68,55,55,76,22,Computer_Science
S01864,79,31,40,56,100,Physics
S01865,95,78,71,31,68,English
S01866,55,50,68,57,81,Physics
S01867,30,66,49,58,70,Math
S01868,45,68,61,53,57,Math
S01869,62,51,65,60,54,Physics
S01870,94,72,58,68,47,Computer_Science
S01871,57,59,43,72,56,Chemistry
S01872,59,55,100,53,28,Computer_Science
S01873,36,79,89,53,88,Math
S01874,78,62,60,68,81,Chemistry
S01875,72,53,62,100,70,Physics
S01876,81,75,70,67,81,English
S01877,78,70,53,72,64,Chemistry
S01878,59,100,37,82,49,Chemistry
S01879,67,100,48,52,65,Chemistry
S01880,50,81,55,77,41,Computer_Science
S01881,32,61,37,92,37,Math
S01882,46,72,54,38,100,English
S01883,47,61,61,78,73,Math
S01884,50,59,61,78,44,Computer_Science
S01885,100,51,65,44,42,Computer_Science
S01886,49,48,58,47,78,English
S01887,51,49,58,83,69,Physics
S01888,63,39,44,42,89,Physics
S01889,75,49,55,50,49,Physics
S01890,73,60,100,88,89,Physics
S01891,77,57,76,59,94,Physics
S01892,72,70,67,96,39,Computer_Science
S01893,98,62,40,51,35,Computer_Science
S01894,77,46,68,85,53,Physics
S01895,60,42,58,100,79,Physics
S01896,60,54,64,67,57,Physics
S01897,75,48,48,72,44,Computer_Science
S01898,78,65,32,67,35,Chemistry
S01899,77,61,98,84,46,Computer_Science
S01900,29,51,43,98,65,Math
S01901,82,60,62,64,85,Physics
S01902,71,46,94,60,57,Physics
S01903,14,76,67,67,58,Math
S01904,55,58,73,77,61,Math
S01905,82,64,56,69,41,Computer_Science
S01906,69,37,47,29,62,English
S01907,94,63,77,100,72,Physics
S01908,51,54,65,54,55,Math
S01909,83,83,35,50,57,Chemistry
S01910,76,86,100,57,58,English
S01911,76,53,62,58,18,Computer_Science
S01912,67,62,88,65,42,Computer_Science
S01913,60,27,43,76,61,Physics
S01914,82,30,61,56,82,Physics
S01915,77,77,93,58,89,English
S01916,46,46,79,38,75,English
S01917,67,84,64,66,74,Chemistry
S01918,53,52,74,64,58,Physics
S01919,64,94,57,57,34,Computer_Science
S01920,64,77,80,67,82,Math
S01921,78,85,83,93,62,Computer_Science
S01922,41,77,79,93,88,Math
S01923,100,76,69,40,71,English
S01924,55,69,66,73,63,Math
S01925,82,16,68,87,99,Physics
S01926,78,95,68,65,75,English
S01927,65,51,56,45,75,English
S01928,65,59,55,74,79,Chemistry
S01929,45,42,82,40,75,English
S01930,94,94,78,78,100,Chemistry
S01931,23,57,80,59,87,Math
S01932,64,67,60,56,55,Computer_Science
S01933,70,51,82,77,85,Physics
S01934,45,34,65,100,88,Physics
S01935,55,73,78,40,90,English
S01936,62,63,65,86,51,Computer_Science
S01937,34,71,28,60,86,Chemistry
S01938,75,84,76,100,54,Computer_Science
S01939,72,57,82,64,96,Physics
S01940,55,90,76,64,75,Math
S01941,70,71,61,52,59,English
S01942,35,80,43,61,77,Math
S01943,80,33,63,73,66,Physics
S01944,89,50,28,80,55,Chemistry
S01945,33,62,87,42,100,Math
S01946,50,67,43,66,63,Chemistry
S01947,38,100,56,56,82,Math
S01948,98,85,43,69,31,Computer_Science
S01949,81,36,51,65,73,Physics
S01950,60,92,78,77,43,Computer_Science
S01951,96,51,96,100,74,Physics
S01952,84,10,61,85,82,Physics
S01953,43,60,19,72,31,Chemistry
S01954,85,86,56,74,61,Chemistry
S01955,69,44,76,35,32,Computer_Science
S01956,63,61,70,53,99,English
S01957,68,69,69,83,75,Math
S01958,73,78,32,33,64,Chemistry
S01959,61,75,65,75,43,Computer_Science
S01960,65,41,72,31,71,English
S01961,39,58,81,69,35,Computer_Science
S01962,53,38,34,67,75,Chemistry
S01963,73,76,65,60,46,Computer_Science
S01964,57,41,50,67,63,Physics
S01965,100,41,63,39,58,English
S01966,59,80,57,62,57,Chemistry
S01967,40,53,58,66,75,Math
S01968,61,60,34,75,52,Chemistry
S01969,78,89,62,47,65,English
S01970,71,59,55,75,74,Chemistry
S01971,59,35,73,51,69,Physics
S01972,68,31,66,74,76,Physics
S01973,67,29,88,72,43,Physics
S01974,51,69,77,56,80,Math
S01975,33,46,28,49,92,Chemistry
S01976,100,69,54,61,74,Chemistry
S01977,37,55,91,46,52,Math
S01978,65,70,54,66,76,Chemistry
S01979,100,63,64,92,55,Computer_Science
S01980,41,70,84,71,63,Math
S01981,39,64,87,43,61,Math
S01982,58,52,69,73,73,Physics
S01983,47,35,70,56,98,Physics
S01984,99,100,48,75,81,Chemistry
S01985,79,59,88,65,67,Physics
S01986,37,77,60,73,69,Math
S01987,68,64,79,61,39,Computer_Science
S01988,75,50,41,47,70,Chemistry
S01989,63,27,58,86,57,Physics
S01990,62,84,79,83,15,Computer_Science
S01991,96,76,100,51,33,Computer_Science
S01992,65,60,77,84,63,Physics
S01993,61,74,60,59,84,English
S01994,88,85,62,26,62,English
S01995,51,63,53,65,46,Computer_Science
S01996,42,87,48,65,82,Math
S01997,81,79,70,78,90,Chemistry
S01998,73,32,55,78,54,Physics
S01999,94,64,67,85,62,Computer_Science
